253,344,149,0.04075876689811561,350,146,0.0321007671207767,4,132,0.03928400186869682
256,344,149,0.04075876689811561,350,146,0.0321007671207767,4,132,0.03928400186869682
259,344,149,0.04075876689811561,350,146,0.0321007671207767,4,132,0.03928400186869682
262,344,149,0.04075876689811561,350,146,0.0321007671207767,4,132,0.03928400186869682
265,344,149,0.04075876689811561,350,146,0.0321007671207767,4,132,0.03928400186869682
268,344,149,0.04075876689811561,350,146,0.0321007671207767,4,132,0.03928400186869682
271,344,149,0.04075876689811561,350,146,0.0321007671207767,4,132,0.03928400186869682
274,344,149,0.04075876689811561,350,146,0.0321007671207767,4,132,0.03928400186869682
277,344,149,0.04075876689811561,350,146,0.0321007671207767,4,132,0.03928400186869682
280,344,149,0.04075876689811561,350,146,0.0321007671207767,4,132,0.03928400186869682
283,344,149,0.04075876689811561,350,146,0.0321007671207767,4,132,0.03928400186869682
286,344,149,0.04075876689811561,350,146,0.0321007671207767,4,132,0.03928400186869682
289,344,149,0.04075876689811561,350,146,0.0321007671207767,4,132,0.03928400186869682
292,344,149,0.04075876689811561,350,146,0.0321007671207767,4,132,0.03928400186869682
295,344,149,0.04075876689811561,350,146,0.0321007671207767,4,132,0.03928400186869682
298,344,149,0.04075876689811561,350,146,0.0321007671207767,4,132,0.03928400186869682
301,344,149,0.04075876689811561,350,146,0.0321007671207767,4,132,0.03928400186869682
304,344,149,0.04075876689811561,350,146,0.0321007671207767,4,132,0.03928400186869682
307,344,149,0.04075876689811561,350,146,0.0321007671207767,4,132,0.03928400186869682
310,344,149,0.04075876689811561,350,146,0.0321007671207767,4,132,0.03928400186869682
313,344,149,0.04075876689811561,350,146,0.0321007671207767,4,132,0.03928400186869682
316,344,149,0.04075876689811561,350,146,0.0321007671207767,4,132,0.03928400186869682
319,344,149,0.04075876689811561,350,146,0.0321007671207767,4,132,0.03928400186869682
322,344,149,0.04075876689811561,350,146,0.0321007671207767,4,132,0.03928400186869682
325,344,149,0.04075876689811561,350,146,0.0321007671207767,4,132,0.03928400186869682
328,344,149,0.04075876689811561,350,146,0.0321007671207767,4,132,0.03928400186869682
331,344,149,0.04075876689811561,350,146,0.0321007671207767,4,132,0.03928400186869682
334,344,149,0.04075876689811561,350,146,0.0321007671207767,4,132,0.03928400186869682
337,344,149,0.04075876689811561,350,146,0.0321007671207767,4,132,0.03928400186869682
340,344,149,0.04075876689811561,350,146,0.0321007671207767,4,132,0.03928400186869682
343,344,149,0.04075876689811561,350,146,0.0321007671207767,4,132,0.03928400186869682
346,344,149,0.04075876689811561,350,146,0.0321007671207767,4,132,0.03928400186869682
349,344,149,0.04075876689811561,350,146,0.0321007671207767,4,132,0.03928400186869682
352,344,149,0.04075876689811561,350,146,0.0321007671207767,4,132,0.03928400186869682
355,344,149,0.04075876689811561,350,146,0.0321007671207767,4,132,0.03928400186869682
358,344,149,0.04075876689811561,350,146,0.0321007671207767,4,132,0.03928400186869682
361,344,149,0.04075876689811561,350,146,0.0321007671207767,4,132,0.03928400186869682
364,344,149,0.04075876689811561,350,146,0.0321007671207767,4,132,0.03928400186869682
367,344,149,0.04075876689811561,350,146,0.0321007671207767,4,132,0.03928400186869682
370,344,149,0.04075876689811561,350,146,0.0321007671207767,4,132,0.03928400186869682
373,344,149,0.04075876689811561,350,146,0.0321007671207767,4,132,0.03928400186869682
376,344,149,0.04075876689811561,350,146,0.0321007671207767,4,132,0.03928400186869682
379,344,149,0.04075876689811561,350,146,0.0321007671207767,4,132,0.03928400186869682
382,344,149,0.04075876689811561,350,146,0.0321007671207767,4,132,0.03928400186869682
385,344,149,0.04075876689811561,350,146,0.0321007671207767,4,132,0.03928400186869682
388,344,149,0.04075876689811561,350,146,0.0321007671207767,4,132,0.03928400186869682
391,344,149,0.04075876689811561,350,146,0.0321007671207767,4,132,0.03928400186869682
394,344,149,0.04075876689811561,350,146,0.0321007671207767,4,132,0.03928400186869682
397,344,149,0.04075876689811561,350,146,0.0321007671207767,4,132,0.03928400186869682
400,344,149,0.04075876689811561,350,146,0.0321007671207767,4,132,0.03928400186869682
403,344,149,0.04075876689811561,350,146,0.0321007671207767,4,132,0.03928400186869682
406,344,149,0.04075876689811561,350,146,0.0321007671207767,4,132,0.03928400186869682
409,344,149,0.04075876689811561,350,146,0.0321007671207767,4,132,0.03928400186869682
412,344,149,0.04075876689811561,350,146,0.0321007671207767,4,132,0.03928400186869682
415,344,149,0.04075876689811561,350,146,0.0321007671207767,4,132,0.03928400186869682
418,344,149,0.04075876689811561,350,146,0.0321007671207767,4,132,0.03928400186869682
421,344,149,0.04075876689811561,350,146,0.0321007671207767,4,132,0.03928400186869682
424,344,149,0.04075876689811561,350,146,0.0321007671207767,4,132,0.03928400186869682
427,344,149,0.04075876689811561,350,146,0.0321007671207767,4,132,0.03928400186869682
430,344,149,0.04075876689811561,350,146,0.0321007671207767,4,132,0.03928400186869682
433,344,149,0.04075876689811561,350,146,0.0321007671207767,4,132,0.03928400186869682
436,344,149,0.04075876689811561,350,146,0.0321007671207767,4,132,0.03928400186869682
439,344,149,0.04075876689811561,350,146,0.0321007671207767,4,132,0.03928400186869682
442,344,149,0.04075876689811561,350,146,0.0321007671207767,4,132,0.03928400186869682
445,344,149,0.04075876689811561,350,146,0.0321007671207767,4,132,0.03928400186869682
448,344,149,0.04075876689811561,350,146,0.0321007671207767,4,132,0.03928400186869682
451,344,149,0.04075876689811561,350,146,0.0321007671207767,4,132,0.03928400186869682
454,344,149,0.04075876689811561,350,146,0.0321007671207767,4,132,0.03928400186869682
457,344,149,0.04075876689811561,350,146,0.0321007671207767,4,132,0.03928400186869682
460,344,149,0.04075876689811561,350,146,0.0321007671207767,4,132,0.03928400186869682
463,344,149,0.04075876689811561,350,146,0.0321007671207767,4,132,0.03928400186869682
466,344,149,0.04075876689811561,350,146,0.0321007671207767,4,132,0.03928400186869682
469,344,149,0.04075876689811561,350,146,0.0321007671207767,4,132,0.03928400186869682
472,344,149,0.04075876689811561,350,146,0.0321007671207767,4,132,0.03928400186869682
475,344,149,0.04075876689811561,350,146,0.0321007671207767,4,132,0.03928400186869682
478,344,149,0.04075876689811561,350,146,0.0321007671207767,4,132,0.03928400186869682
481,344,149,0.04075876689811561,350,146,0.0321007671207767,4,132,0.03928400186869682
484,344,149,0.04075876689811561,350,146,0.0321007671207767,4,132,0.03928400186869682
487,344,149,0.04075876689811561,350,146,0.0321007671207767,4,132,0.03928400186869682
490,344,149,0.04075876689811561,350,146,0.0321007671207767,4,132,0.03928400186869682
493,344,149,0.04075876689811561,350,146,0.0321007671207767,4,132,0.03928400186869682
496,344,149,0.04075876689811561,350,146,0.0321007671207767,4,132,0.03928400186869682
499,344,149,0.04075876689811561,350,146,0.0321007671207767,4,132,0.03928400186869682
502,87,239,0.07293988309274949,70,212,0.08933124437012917,66,189,0.09284457115860351
505,87,239,0.07293988309274949,70,212,0.08933124437012917,66,189,0.09284457115860351
508,87,239,0.07293988309274949,70,212,0.08933124437012917,66,189,0.09284457115860351
511,87,239,0.07293988309274949,70,212,0.08933124437012917,66,189,0.09284457115860351
514,87,239,0.07293988309274949,70,212,0.08933124437012917,66,189,0.09284457115860351
517,87,239,0.07293988309274949,70,212,0.08933124437012917,66,189,0.09284457115860351
520,87,239,0.07293988309274949,70,212,0.08933124437012917,66,189,0.09284457115860351
523,87,239,0.07293988309274949,70,212,0.08933124437012917,66,189,0.09284457115860351
526,87,239,0.07293988309274949,70,212,0.08933124437012917,66,189,0.09284457115860351
529,87,239,0.07293988309274949,70,212,0.08933124437012917,66,189,0.09284457115860351
532,87,239,0.07293988309274949,70,212,0.08933124437012917,66,189,0.09284457115860351
535,87,239,0.07293988309274949,70,212,0.08933124437012917,66,189,0.09284457115860351
538,87,239,0.07293988309274949,70,212,0.08933124437012917,66,189,0.09284457115860351
541,87,239,0.07293988309274949,70,212,0.08933124437012917,66,189,0.09284457115860351
544,87,239,0.07293988309274949,70,212,0.08933124437012917,66,189,0.09284457115860351
547,87,239,0.07293988309274949,70,212,0.08933124437012917,66,189,0.09284457115860351
550,87,239,0.07293988309274949,70,212,0.08933124437012917,66,189,0.09284457115860351
553,87,239,0.07293988309274949,70,212,0.08933124437012917,66,189,0.09284457115860351
556,87,239,0.07293988309274949,70,212,0.08933124437012917,66,189,0.09284457115860351
559,87,239,0.07293988309274949,70,212,0.08933124437012917,66,189,0.09284457115860351
562,87,239,0.07293988309274949,70,212,0.08933124437012917,66,189,0.09284457115860351
565,87,239,0.07293988309274949,70,212,0.08933124437012917,66,189,0.09284457115860351
568,87,239,0.07293988309274949,70,212,0.08933124437012917,66,189,0.09284457115860351
571,87,239,0.07293988309274949,70,212,0.08933124437012917,66,189,0.09284457115860351
574,87,239,0.07293988309274949,70,212,0.08933124437012917,66,189,0.09284457115860351
577,87,239,0.07293988309274949,70,212,0.08933124437012917,66,189,0.09284457115860351
580,87,239,0.07293988309274949,70,212,0.08933124437012917,66,189,0.09284457115860351
583,87,239,0.07293988309274949,70,212,0.08933124437012917,66,189,0.09284457115860351
586,87,239,0.07293988309274949,70,212,0.08933124437012917,66,189,0.09284457115860351
589,87,239,0.07293988309274949,70,212,0.08933124437012917,66,189,0.09284457115860351
592,87,239,0.07293988309274949,70,212,0.08933124437012917,66,189,0.09284457115860351
595,87,239,0.07293988309274949,70,212,0.08933124437012917,66,189,0.09284457115860351
598,87,239,0.07293988309274949,70,212,0.08933124437012917,66,189,0.09284457115860351
601,87,239,0.07293988309274949,70,212,0.08933124437012917,66,189,0.09284457115860351
604,87,239,0.07293988309274949,70,212,0.08933124437012917,66,189,0.09284457115860351
607,87,239,0.07293988309274949,70,212,0.08933124437012917,66,189,0.09284457115860351
610,87,239,0.07293988309274949,70,212,0.08933124437012917,66,189,0.09284457115860351
613,87,239,0.07293988309274949,70,212,0.08933124437012917,66,189,0.09284457115860351
616,87,239,0.07293988309274949,70,212,0.08933124437012917,66,189,0.09284457115860351
619,87,239,0.07293988309274949,70,212,0.08933124437012917,66,189,0.09284457115860351
622,87,239,0.07293988309274949,70,212,0.08933124437012917,66,189,0.09284457115860351
625,87,239,0.07293988309274949,70,212,0.08933124437012917,66,189,0.09284457115860351
628,87,239,0.07293988309274949,70,212,0.08933124437012917,66,189,0.09284457115860351
631,87,239,0.07293988309274949,70,212,0.08933124437012917,66,189,0.09284457115860351
634,87,239,0.07293988309274949,70,212,0.08933124437012917,66,189,0.09284457115860351
637,87,239,0.07293988309274949,70,212,0.08933124437012917,66,189,0.09284457115860351
640,87,239,0.07293988309274949,70,212,0.08933124437012917,66,189,0.09284457115860351
643,87,239,0.07293988309274949,70,212,0.08933124437012917,66,189,0.09284457115860351
646,87,239,0.07293988309274949,70,212,0.08933124437012917,66,189,0.09284457115860351
649,87,239,0.07293988309274949,70,212,0.08933124437012917,66,189,0.09284457115860351
652,87,239,0.07293988309274949,70,212,0.08933124437012917,66,189,0.09284457115860351
655,87,239,0.07293988309274949,70,212,0.08933124437012917,66,189,0.09284457115860351
658,87,239,0.07293988309274949,70,212,0.08933124437012917,66,189,0.09284457115860351
661,87,239,0.07293988309274949,70,212,0.08933124437012917,66,189,0.09284457115860351
664,87,239,0.07293988309274949,70,212,0.08933124437012917,66,189,0.09284457115860351
667,87,239,0.07293988309274949,70,212,0.08933124437012917,66,189,0.09284457115860351
670,87,239,0.07293988309274949,70,212,0.08933124437012917,66,189,0.09284457115860351
673,87,239,0.07293988309274949,70,212,0.08933124437012917,66,189,0.09284457115860351
676,87,239,0.07293988309274949,70,212,0.08933124437012917,66,189,0.09284457115860351
679,87,239,0.07293988309274949,70,212,0.08933124437012917,66,189,0.09284457115860351
682,87,239,0.07293988309274949,70,212,0.08933124437012917,66,189,0.09284457115860351
685,87,239,0.07293988309274949,70,212,0.08933124437012917,66,189,0.09284457115860351
688,87,239,0.07293988309274949,70,212,0.08933124437012917,66,189,0.09284457115860351
691,87,239,0.07293988309274949,70,212,0.08933124437012917,66,189,0.09284457115860351
694,87,239,0.07293988309274949,70,212,0.08933124437012917,66,189,0.09284457115860351
697,87,239,0.07293988309274949,70,212,0.08933124437012917,66,189,0.09284457115860351
700,87,239,0.07293988309274949,70,212,0.08933124437012917,66,189,0.09284457115860351
703,87,239,0.07293988309274949,70,212,0.08933124437012917,66,189,0.09284457115860351
706,87,239,0.07293988309274949,70,212,0.08933124437012917,66,189,0.09284457115860351
709,87,239,0.07293988309274949,70,212,0.08933124437012917,66,189,0.09284457115860351
712,87,239,0.07293988309274949,70,212,0.08933124437012917,66,189,0.09284457115860351
715,87,239,0.07293988309274949,70,212,0.08933124437012917,66,189,0.09284457115860351
718,87,239,0.07293988309274949,70,212,0.08933124437012917,66,189,0.09284457115860351
721,87,239,0.07293988309274949,70,212,0.08933124437012917,66,189,0.09284457115860351
724,87,239,0.07293988309274949,70,212,0.08933124437012917,66,189,0.09284457115860351
727,87,239,0.07293988309274949,70,212,0.08933124437012917,66,189,0.09284457115860351
730,87,239,0.07293988309274949,70,212,0.08933124437012917,66,189,0.09284457115860351
733,87,239,0.07293988309274949,70,212,0.08933124437012917,66,189,0.09284457115860351
736,87,239,0.07293988309274949,70,212,0.08933124437012917,66,189,0.09284457115860351
739,87,239,0.07293988309274949,70,212,0.08933124437012917,66,189,0.09284457115860351
742,87,239,0.07293988309274949,70,212,0.08933124437012917,66,189,0.09284457115860351
745,87,239,0.07293988309274949,70,212,0.08933124437012917,66,189,0.09284457115860351
748,87,239,0.07293988309274949,70,212,0.08933124437012917,66,189,0.09284457115860351
751,87,239,0.07293988309274949,70,212,0.08933124437012917,66,189,0.09284457115860351
754,176,168,0.06963625090981911,183,151,0.06551810412440012,159,186,0.06593822642113288
757,176,168,0.06963625090981911,183,151,0.06551810412440012,159,186,0.06593822642113288
760,176,168,0.06963625090981911,183,151,0.06551810412440012,159,186,0.06593822642113288
763,176,168,0.06963625090981911,183,151,0.06551810412440012,159,186,0.06593822642113288
766,176,168,0.06963625090981911,183,151,0.06551810412440012,159,186,0.06593822642113288
769,176,168,0.06963625090981911,183,151,0.06551810412440012,159,186,0.06593822642113288
772,176,168,0.06963625090981911,183,151,0.06551810412440012,159,186,0.06593822642113288
775,176,168,0.06963625090981911,183,151,0.06551810412440012,159,186,0.06593822642113288
778,176,168,0.06963625090981911,183,151,0.06551810412440012,159,186,0.06593822642113288
781,176,168,0.06963625090981911,183,151,0.06551810412440012,159,186,0.06593822642113288
784,176,168,0.06963625090981911,183,151,0.06551810412440012,159,186,0.06593822642113288
787,176,168,0.06963625090981911,183,151,0.06551810412440012,159,186,0.06593822642113288
790,176,168,0.06963625090981911,183,151,0.06551810412440012,159,186,0.06593822642113288
793,176,168,0.06963625090981911,183,151,0.06551810412440012,159,186,0.06593822642113288
796,176,168,0.06963625090981911,183,151,0.06551810412440012,159,186,0.06593822642113288
799,176,168,0.06963625090981911,183,151,0.06551810412440012,159,186,0.06593822642113288
802,176,168,0.06963625090981911,183,151,0.06551810412440012,159,186,0.06593822642113288
805,176,168,0.06963625090981911,183,151,0.06551810412440012,159,186,0.06593822642113288
808,176,168,0.06963625090981911,183,151,0.06551810412440012,159,186,0.06593822642113288
811,176,168,0.06963625090981911,183,151,0.06551810412440012,159,186,0.06593822642113288
814,176,168,0.06963625090981911,183,151,0.06551810412440012,159,186,0.06593822642113288
817,176,168,0.06963625090981911,183,151,0.06551810412440012,159,186,0.06593822642113288
820,176,168,0.06963625090981911,183,151,0.06551810412440012,159,186,0.06593822642113288
823,176,168,0.06963625090981911,183,151,0.06551810412440012,159,186,0.06593822642113288
826,176,168,0.06963625090981911,183,151,0.06551810412440012,159,186,0.06593822642113288
829,176,168,0.06963625090981911,183,151,0.06551810412440012,159,186,0.06593822642113288
832,176,168,0.06963625090981911,183,151,0.06551810412440012,159,186,0.06593822642113288
835,176,168,0.06963625090981911,183,151,0.06551810412440012,159,186,0.06593822642113288
838,176,168,0.06963625090981911,183,151,0.06551810412440012,159,186,0.06593822642113288
841,176,168,0.06963625090981911,183,151,0.06551810412440012,159,186,0.06593822642113288
844,176,168,0.06963625090981911,183,151,0.06551810412440012,159,186,0.06593822642113288
847,176,168,0.06963625090981911,183,151,0.06551810412440012,159,186,0.06593822642113288
850,176,168,0.06963625090981911,183,151,0.06551810412440012,159,186,0.06593822642113288
853,176,168,0.06963625090981911,183,151,0.06551810412440012,159,186,0.06593822642113288
856,176,168,0.06963625090981911,183,151,0.06551810412440012,159,186,0.06593822642113288
859,176,168,0.06963625090981911,183,151,0.06551810412440012,159,186,0.06593822642113288
862,176,168,0.06963625090981911,183,151,0.06551810412440012,159,186,0.06593822642113288
865,176,168,0.06963625090981911,183,151,0.06551810412440012,159,186,0.06593822642113288
868,176,168,0.06963625090981911,183,151,0.06551810412440012,159,186,0.06593822642113288
871,176,168,0.06963625090981911,183,151,0.06551810412440012,159,186,0.06593822642113288
874,176,168,0.06963625090981911,183,151,0.06551810412440012,159,186,0.06593822642113288
877,176,168,0.06963625090981911,183,151,0.06551810412440012,159,186,0.06593822642113288
880,176,168,0.06963625090981911,183,151,0.06551810412440012,159,186,0.06593822642113288
883,176,168,0.06963625090981911,183,151,0.06551810412440012,159,186,0.06593822642113288
886,176,168,0.06963625090981911,183,151,0.06551810412440012,159,186,0.06593822642113288
889,176,168,0.06963625090981911,183,151,0.06551810412440012,159,186,0.06593822642113288
892,176,168,0.06963625090981911,183,151,0.06551810412440012,159,186,0.06593822642113288
895,176,168,0.06963625090981911,183,151,0.06551810412440012,159,186,0.06593822642113288
898,176,168,0.06963625090981911,183,151,0.06551810412440012,159,186,0.06593822642113288
901,176,168,0.06963625090981911,183,151,0.06551810412440012,159,186,0.06593822642113288
904,176,168,0.06963625090981911,183,151,0.06551810412440012,159,186,0.06593822642113288
907,176,168,0.06963625090981911,183,151,0.06551810412440012,159,186,0.06593822642113288
910,176,168,0.06963625090981911,183,151,0.06551810412440012,159,186,0.06593822642113288
913,176,168,0.06963625090981911,183,151,0.06551810412440012,159,186,0.06593822642113288
916,176,168,0.06963625090981911,183,151,0.06551810412440012,159,186,0.06593822642113288
919,176,168,0.06963625090981911,183,151,0.06551810412440012,159,186,0.06593822642113288
922,176,168,0.06963625090981911,183,151,0.06551810412440012,159,186,0.06593822642113288
925,176,168,0.06963625090981911,183,151,0.06551810412440012,159,186,0.06593822642113288
928,176,168,0.06963625090981911,183,151,0.06551810412440012,159,186,0.06593822642113288
931,176,168,0.06963625090981911,183,151,0.06551810412440012,159,186,0.06593822642113288
934,176,168,0.06963625090981911,183,151,0.06551810412440012,159,186,0.06593822642113288
937,176,168,0.06963625090981911,183,151,0.06551810412440012,159,186,0.06593822642113288
940,176,168,0.06963625090981911,183,151,0.06551810412440012,159,186,0.06593822642113288
943,176,168,0.06963625090981911,183,151,0.06551810412440012,159,186,0.06593822642113288
946,176,168,0.06963625090981911,183,151,0.06551810412440012,159,186,0.06593822642113288
949,176,168,0.06963625090981911,183,151,0.06551810412440012,159,186,0.06593822642113288
952,176,168,0.06963625090981911,183,151,0.06551810412440012,159,186,0.06593822642113288
955,176,168,0.06963625090981911,183,151,0.06551810412440012,159,186,0.06593822642113288
958,176,168,0.06963625090981911,183,151,0.06551810412440012,159,186,0.06593822642113288
961,176,168,0.06963625090981911,183,151,0.06551810412440012,159,186,0.06593822642113288
964,176,168,0.06963625090981911,183,151,0.06551810412440012,159,186,0.06593822642113288
967,176,168,0.06963625090981911,183,151,0.06551810412440012,159,186,0.06593822642113288
970,176,168,0.06963625090981911,183,151,0.06551810412440012,159,186,0.06593822642113288
973,176,168,0.06963625090981911,183,151,0.06551810412440012,159,186,0.06593822642113288
976,176,168,0.06963625090981911,183,151,0.06551810412440012,159,186,0.06593822642113288
979,176,168,0.06963625090981911,183,151,0.06551810412440012,159,186,0.06593822642113288
982,176,168,0.06963625090981911,183,151,0.06551810412440012,159,186,0.06593822642113288
985,176,168,0.06963625090981911,183,151,0.06551810412440012,159,186,0.06593822642113288
988,176,168,0.06963625090981911,183,151,0.06551810412440012,159,186,0.06593822642113288
991,176,168,0.06963625090981911,183,151,0.06551810412440012,159,186,0.06593822642113288
994,176,168,0.06963625090981911,183,151,0.06551810412440012,159,186,0.06593822642113288
997,176,168,0.06963625090981911,183,151,0.06551810412440012,159,186,0.06593822642113288
1000,176,168,0.06963625090981911,183,151,0.06551810412440012,159,186,0.06593822642113288
1003,242,194,0.06902750632330477,180,172,0.06774268841261914,234,193,0.08225351617814354
1006,242,194,0.06902750632330477,180,172,0.06774268841261914,234,193,0.08225351617814354
1009,242,194,0.06902750632330477,180,172,0.06774268841261914,234,193,0.08225351617814354
1012,242,194,0.06902750632330477,180,172,0.06774268841261914,234,193,0.08225351617814354
1015,242,194,0.06902750632330477,180,172,0.06774268841261914,234,193,0.08225351617814354
1018,242,194,0.06902750632330477,180,172,0.06774268841261914,234,193,0.08225351617814354
1021,242,194,0.06902750632330477,180,172,0.06774268841261914,234,193,0.08225351617814354
1024,242,194,0.06902750632330477,180,172,0.06774268841261914,234,193,0.08225351617814354
1027,242,194,0.06902750632330477,180,172,0.06774268841261914,234,193,0.08225351617814354
1030,242,194,0.06902750632330477,180,172,0.06774268841261914,234,193,0.08225351617814354
1033,242,194,0.06902750632330477,180,172,0.06774268841261914,234,193,0.08225351617814354
1036,242,194,0.06902750632330477,180,172,0.06774268841261914,234,193,0.08225351617814354
1039,242,194,0.06902750632330477,180,172,0.06774268841261914,234,193,0.08225351617814354
1042,242,194,0.06902750632330477,180,172,0.06774268841261914,234,193,0.08225351617814354
1045,242,194,0.06902750632330477,180,172,0.06774268841261914,234,193,0.08225351617814354
1048,242,194,0.06902750632330477,180,172,0.06774268841261914,234,193,0.08225351617814354
1051,242,194,0.06902750632330477,180,172,0.06774268841261914,234,193,0.08225351617814354
1054,242,194,0.06902750632330477,180,172,0.06774268841261914,234,193,0.08225351617814354
1057,242,194,0.06902750632330477,180,172,0.06774268841261914,234,193,0.08225351617814354
1060,242,194,0.06902750632330477,180,172,0.06774268841261914,234,193,0.08225351617814354
1063,242,194,0.06902750632330477,180,172,0.06774268841261914,234,193,0.08225351617814354
1066,242,194,0.06902750632330477,180,172,0.06774268841261914,234,193,0.08225351617814354
1069,242,194,0.06902750632330477,180,172,0.06774268841261914,234,193,0.08225351617814354
1072,242,194,0.06902750632330477,180,172,0.06774268841261914,234,193,0.08225351617814354
1075,242,194,0.06902750632330477,180,172,0.06774268841261914,234,193,0.08225351617814354
1078,242,194,0.06902750632330477,180,172,0.06774268841261914,234,193,0.08225351617814354
1081,242,194,0.06902750632330477,180,172,0.06774268841261914,234,193,0.08225351617814354
1084,242,194,0.06902750632330477,180,172,0.06774268841261914,234,193,0.08225351617814354
1087,242,194,0.06902750632330477,180,172,0.06774268841261914,234,193,0.08225351617814354
1090,242,194,0.06902750632330477,180,172,0.06774268841261914,234,193,0.08225351617814354
1093,242,194,0.06902750632330477,180,172,0.06774268841261914,234,193,0.08225351617814354
1096,242,194,0.06902750632330477,180,172,0.06774268841261914,234,193,0.08225351617814354
1099,242,194,0.06902750632330477,180,172,0.06774268841261914,234,193,0.08225351617814354
1102,242,194,0.06902750632330477,180,172,0.06774268841261914,234,193,0.08225351617814354
1105,242,194,0.06902750632330477,180,172,0.06774268841261914,234,193,0.08225351617814354
1108,242,194,0.06902750632330477,180,172,0.06774268841261914,234,193,0.08225351617814354
1111,242,194,0.06902750632330477,180,172,0.06774268841261914,234,193,0.08225351617814354
1114,242,194,0.06902750632330477,180,172,0.06774268841261914,234,193,0.08225351617814354
1117,242,194,0.06902750632330477,180,172,0.06774268841261914,234,193,0.08225351617814354
1120,242,194,0.06902750632330477,180,172,0.06774268841261914,234,193,0.08225351617814354
1123,242,194,0.06902750632330477,180,172,0.06774268841261914,234,193,0.08225351617814354
1126,242,194,0.06902750632330477,180,172,0.06774268841261914,234,193,0.08225351617814354
1129,242,194,0.06902750632330477,180,172,0.06774268841261914,234,193,0.08225351617814354
1132,242,194,0.06902750632330477,180,172,0.06774268841261914,234,193,0.08225351617814354
1135,242,194,0.06902750632330477,180,172,0.06774268841261914,234,193,0.08225351617814354
1138,242,194,0.06902750632330477,180,172,0.06774268841261914,234,193,0.08225351617814354
1141,242,194,0.06902750632330477,180,172,0.06774268841261914,234,193,0.08225351617814354
1144,242,194,0.06902750632330477,180,172,0.06774268841261914,234,193,0.08225351617814354
1147,242,194,0.06902750632330477,180,172,0.06774268841261914,234,193,0.08225351617814354
1150,242,194,0.06902750632330477,180,172,0.06774268841261914,234,193,0.08225351617814354
1153,242,194,0.06902750632330477,180,172,0.06774268841261914,234,193,0.08225351617814354
1156,242,194,0.06902750632330477,180,172,0.06774268841261914,234,193,0.08225351617814354
1159,242,194,0.06902750632330477,180,172,0.06774268841261914,234,193,0.08225351617814354
1162,242,194,0.06902750632330477,180,172,0.06774268841261914,234,193,0.08225351617814354
1165,242,194,0.06902750632330477,180,172,0.06774268841261914,234,193,0.08225351617814354
1168,242,194,0.06902750632330477,180,172,0.06774268841261914,234,193,0.08225351617814354
1171,242,194,0.06902750632330477,180,172,0.06774268841261914,234,193,0.08225351617814354
1174,242,194,0.06902750632330477,180,172,0.06774268841261914,234,193,0.08225351617814354
1177,242,194,0.06902750632330477,180,172,0.06774268841261914,234,193,0.08225351617814354
1180,242,194,0.06902750632330477,180,172,0.06774268841261914,234,193,0.08225351617814354
1183,242,194,0.06902750632330477,180,172,0.06774268841261914,234,193,0.08225351617814354
1186,242,194,0.06902750632330477,180,172,0.06774268841261914,234,193,0.08225351617814354
1189,242,194,0.06902750632330477,180,172,0.06774268841261914,234,193,0.08225351617814354
1192,242,194,0.06902750632330477,180,172,0.06774268841261914,234,193,0.08225351617814354
1195,242,194,0.06902750632330477,180,172,0.06774268841261914,234,193,0.08225351617814354
1198,242,194,0.06902750632330477,180,172,0.06774268841261914,234,193,0.08225351617814354
1201,242,194,0.06902750632330477,180,172,0.06774268841261914,234,193,0.08225351617814354
1204,242,194,0.06902750632330477,180,172,0.06774268841261914,234,193,0.08225351617814354
1207,242,194,0.06902750632330477,180,172,0.06774268841261914,234,193,0.08225351617814354
1210,242,194,0.06902750632330477,180,172,0.06774268841261914,234,193,0.08225351617814354
1213,242,194,0.06902750632330477,180,172,0.06774268841261914,234,193,0.08225351617814354
1216,242,194,0.06902750632330477,180,172,0.06774268841261914,234,193,0.08225351617814354
1219,242,194,0.06902750632330477,180,172,0.06774268841261914,234,193,0.08225351617814354
1222,242,194,0.06902750632330477,180,172,0.06774268841261914,234,193,0.08225351617814354
1225,242,194,0.06902750632330477,180,172,0.06774268841261914,234,193,0.08225351617814354
1228,242,194,0.06902750632330477,180,172,0.06774268841261914,234,193,0.08225351617814354
1231,242,194,0.06902750632330477,180,172,0.06774268841261914,234,193,0.08225351617814354
1234,242,194,0.06902750632330477,180,172,0.06774268841261914,234,193,0.08225351617814354
1237,242,194,0.06902750632330477,180,172,0.06774268841261914,234,193,0.08225351617814354
1240,242,194,0.06902750632330477,180,172,0.06774268841261914,234,193,0.08225351617814354
1243,242,194,0.06902750632330477,180,172,0.06774268841261914,234,193,0.08225351617814354
1246,242,194,0.06902750632330477,180,172,0.06774268841261914,234,193,0.08225351617814354
1249,242,194,0.06902750632330477,180,172,0.06774268841261914,234,193,0.08225351617814354
1252,326,257,0.09125799135215187,323,261,0.08499142622074732,321,255,0.09493302390397595
1255,326,257,0.09125799135215187,323,261,0.08499142622074732,321,255,0.09493302390397595
1258,326,257,0.09125799135215187,323,261,0.08499142622074732,321,255,0.09493302390397595
1261,326,257,0.09125799135215187,323,261,0.08499142622074732,321,255,0.09493302390397595
1264,326,257,0.09125799135215187,323,261,0.08499142622074732,321,255,0.09493302390397595
1267,326,257,0.09125799135215187,323,261,0.08499142622074732,321,255,0.09493302390397595
1270,326,257,0.09125799135215187,323,261,0.08499142622074732,321,255,0.09493302390397595
1273,326,257,0.09125799135215187,323,261,0.08499142622074732,321,255,0.09493302390397595
1276,326,257,0.09125799135215187,323,261,0.08499142622074732,321,255,0.09493302390397595
1279,326,257,0.09125799135215187,323,261,0.08499142622074732,321,255,0.09493302390397595
1282,326,257,0.09125799135215187,323,261,0.08499142622074732,321,255,0.09493302390397595
1285,326,257,0.09125799135215187,323,261,0.08499142622074732,321,255,0.09493302390397595
1288,326,257,0.09125799135215187,323,261,0.08499142622074732,321,255,0.09493302390397595
1291,326,257,0.09125799135215187,323,261,0.08499142622074732,321,255,0.09493302390397595
1294,326,257,0.09125799135215187,323,261,0.08499142622074732,321,255,0.09493302390397595
1297,326,257,0.09125799135215187,323,261,0.08499142622074732,321,255,0.09493302390397595
1300,326,257,0.09125799135215187,323,261,0.08499142622074732,321,255,0.09493302390397595
1303,326,257,0.09125799135215187,323,261,0.08499142622074732,321,255,0.09493302390397595
1306,326,257,0.09125799135215187,323,261,0.08499142622074732,321,255,0.09493302390397595
1309,326,257,0.09125799135215187,323,261,0.08499142622074732,321,255,0.09493302390397595
1312,326,257,0.09125799135215187,323,261,0.08499142622074732,321,255,0.09493302390397595
1315,326,257,0.09125799135215187,323,261,0.08499142622074732,321,255,0.09493302390397595
1318,326,257,0.09125799135215187,323,261,0.08499142622074732,321,255,0.09493302390397595
1321,326,257,0.09125799135215187,323,261,0.08499142622074732,321,255,0.09493302390397595
1324,326,257,0.09125799135215187,323,261,0.08499142622074732,321,255,0.09493302390397595
1327,326,257,0.09125799135215187,323,261,0.08499142622074732,321,255,0.09493302390397595
1330,326,257,0.09125799135215187,323,261,0.08499142622074732,321,255,0.09493302390397595
1333,326,257,0.09125799135215187,323,261,0.08499142622074732,321,255,0.09493302390397595
1336,326,257,0.09125799135215187,323,261,0.08499142622074732,321,255,0.09493302390397595
1339,326,257,0.09125799135215187,323,261,0.08499142622074732,321,255,0.09493302390397595
1342,326,257,0.09125799135215187,323,261,0.08499142622074732,321,255,0.09493302390397595
1345,326,257,0.09125799135215187,323,261,0.08499142622074732,321,255,0.09493302390397595
1348,326,257,0.09125799135215187,323,261,0.08499142622074732,321,255,0.09493302390397595
1351,326,257,0.09125799135215187,323,261,0.08499142622074732,321,255,0.09493302390397595
1354,326,257,0.09125799135215187,323,261,0.08499142622074732,321,255,0.09493302390397595
1357,326,257,0.09125799135215187,323,261,0.08499142622074732,321,255,0.09493302390397595
1360,326,257,0.09125799135215187,323,261,0.08499142622074732,321,255,0.09493302390397595
1363,326,257,0.09125799135215187,323,261,0.08499142622074732,321,255,0.09493302390397595
1366,326,257,0.09125799135215187,323,261,0.08499142622074732,321,255,0.09493302390397595
1369,326,257,0.09125799135215187,323,261,0.08499142622074732,321,255,0.09493302390397595
1372,326,257,0.09125799135215187,323,261,0.08499142622074732,321,255,0.09493302390397595
1375,326,257,0.09125799135215187,323,261,0.08499142622074732,321,255,0.09493302390397595
1378,326,257,0.09125799135215187,323,261,0.08499142622074732,321,255,0.09493302390397595
1381,326,257,0.09125799135215187,323,261,0.08499142622074732,321,255,0.09493302390397595
1384,326,257,0.09125799135215187,323,261,0.08499142622074732,321,255,0.09493302390397595
1387,326,257,0.09125799135215187,323,261,0.08499142622074732,321,255,0.09493302390397595
1390,326,257,0.09125799135215187,323,261,0.08499142622074732,321,255,0.09493302390397595
1393,326,257,0.09125799135215187,323,261,0.08499142622074732,321,255,0.09493302390397595
1396,326,257,0.09125799135215187,323,261,0.08499142622074732,321,255,0.09493302390397595
1399,326,257,0.09125799135215187,323,261,0.08499142622074732,321,255,0.09493302390397595
1402,326,257,0.09125799135215187,323,261,0.08499142622074732,321,255,0.09493302390397595
1405,326,257,0.09125799135215187,323,261,0.08499142622074732,321,255,0.09493302390397595
1408,326,257,0.09125799135215187,323,261,0.08499142622074732,321,255,0.09493302390397595
1411,326,257,0.09125799135215187,323,261,0.08499142622074732,321,255,0.09493302390397595
1414,326,257,0.09125799135215187,323,261,0.08499142622074732,321,255,0.09493302390397595
1417,326,257,0.09125799135215187,323,261,0.08499142622074732,321,255,0.09493302390397595
1420,326,257,0.09125799135215187,323,261,0.08499142622074732,321,255,0.09493302390397595
1423,326,257,0.09125799135215187,323,261,0.08499142622074732,321,255,0.09493302390397595
1426,326,257,0.09125799135215187,323,261,0.08499142622074732,321,255,0.09493302390397595
1429,326,257,0.09125799135215187,323,261,0.08499142622074732,321,255,0.09493302390397595
1432,326,257,0.09125799135215187,323,261,0.08499142622074732,321,255,0.09493302390397595
1435,326,257,0.09125799135215187,323,261,0.08499142622074732,321,255,0.09493302390397595
1438,326,257,0.09125799135215187,323,261,0.08499142622074732,321,255,0.09493302390397595
1441,326,257,0.09125799135215187,323,261,0.08499142622074732,321,255,0.09493302390397595
1444,326,257,0.09125799135215187,323,261,0.08499142622074732,321,255,0.09493302390397595
1447,326,257,0.09125799135215187,323,261,0.08499142622074732,321,255,0.09493302390397595
1450,326,257,0.09125799135215187,323,261,0.08499142622074732,321,255,0.09493302390397595
1453,326,257,0.09125799135215187,323,261,0.08499142622074732,321,255,0.09493302390397595
1456,326,257,0.09125799135215187,323,261,0.08499142622074732,321,255,0.09493302390397595
1459,326,257,0.09125799135215187,323,261,0.08499142622074732,321,255,0.09493302390397595
1462,326,257,0.09125799135215187,323,261,0.08499142622074732,321,255,0.09493302390397595
1465,326,257,0.09125799135215187,323,261,0.08499142622074732,321,255,0.09493302390397595
1468,326,257,0.09125799135215187,323,261,0.08499142622074732,321,255,0.09493302390397595
1471,326,257,0.09125799135215187,323,261,0.08499142622074732,321,255,0.09493302390397595
1474,326,257,0.09125799135215187,323,261,0.08499142622074732,321,255,0.09493302390397595
1477,326,257,0.09125799135215187,323,261,0.08499142622074732,321,255,0.09493302390397595
1480,326,257,0.09125799135215187,323,261,0.08499142622074732,321,255,0.09493302390397595
1483,326,257,0.09125799135215187,323,261,0.08499142622074732,321,255,0.09493302390397595
1486,326,257,0.09125799135215187,323,261,0.08499142622074732,321,255,0.09493302390397595
1489,326,257,0.09125799135215187,323,261,0.08499142622074732,321,255,0.09493302390397595
1492,326,257,0.09125799135215187,323,261,0.08499142622074732,321,255,0.09493302390397595
1495,326,257,0.09125799135215187,323,261,0.08499142622074732,321,255,0.09493302390397595
1498,326,257,0.09125799135215187,323,261,0.08499142622074732,321,255,0.09493302390397595
1501,326,257,0.09125799135215187,323,261,0.08499142622074732,321,255,0.09493302390397595
1504,326,257,0.08576790153229782,323,261,0.0811601309328405,310,254,0.09225002516626889
1507,326,257,0.08576790153229782,323,261,0.0811601309328405,310,254,0.09225002516626889
1510,326,257,0.08576790153229782,323,261,0.0811601309328405,310,254,0.09225002516626889
1513,326,257,0.08576790153229782,323,261,0.0811601309328405,310,254,0.09225002516626889
1516,326,257,0.08576790153229782,323,261,0.0811601309328405,310,254,0.09225002516626889
1519,326,257,0.08576790153229782,323,261,0.0811601309328405,310,254,0.09225002516626889
1522,326,257,0.08576790153229782,323,261,0.0811601309328405,310,254,0.09225002516626889
1525,326,257,0.08576790153229782,323,261,0.0811601309328405,310,254,0.09225002516626889
1528,326,257,0.08576790153229782,323,261,0.0811601309328405,310,254,0.09225002516626889
1531,326,257,0.08576790153229782,323,261,0.0811601309328405,310,254,0.09225002516626889
1534,326,257,0.08576790153229782,323,261,0.0811601309328405,310,254,0.09225002516626889
1537,326,257,0.08576790153229782,323,261,0.0811601309328405,310,254,0.09225002516626889
1540,326,257,0.08576790153229782,323,261,0.0811601309328405,310,254,0.09225002516626889
1543,326,257,0.08576790153229782,323,261,0.0811601309328405,310,254,0.09225002516626889
1546,326,257,0.08576790153229782,323,261,0.0811601309328405,310,254,0.09225002516626889
1549,326,257,0.08576790153229782,323,261,0.0811601309328405,310,254,0.09225002516626889
1552,326,257,0.08576790153229782,323,261,0.0811601309328405,310,254,0.09225002516626889
1555,326,257,0.08576790153229782,323,261,0.0811601309328405,310,254,0.09225002516626889
1558,326,257,0.08576790153229782,323,261,0.0811601309328405,310,254,0.09225002516626889
1561,326,257,0.08576790153229782,323,261,0.0811601309328405,310,254,0.09225002516626889
1564,326,257,0.08576790153229782,323,261,0.0811601309328405,310,254,0.09225002516626889
1567,326,257,0.08576790153229782,323,261,0.0811601309328405,310,254,0.09225002516626889
1570,326,257,0.08576790153229782,323,261,0.0811601309328405,310,254,0.09225002516626889
1573,326,257,0.08576790153229782,323,261,0.0811601309328405,310,254,0.09225002516626889
1576,326,257,0.08576790153229782,323,261,0.0811601309328405,310,254,0.09225002516626889
1579,326,257,0.08576790153229782,323,261,0.0811601309328405,310,254,0.09225002516626889
1582,326,257,0.08576790153229782,323,261,0.0811601309328405,310,254,0.09225002516626889
1585,326,257,0.08576790153229782,323,261,0.0811601309328405,310,254,0.09225002516626889
1588,326,257,0.08576790153229782,323,261,0.0811601309328405,310,254,0.09225002516626889
1591,326,257,0.08576790153229782,323,261,0.0811601309328405,310,254,0.09225002516626889
1594,326,257,0.08576790153229782,323,261,0.0811601309328405,310,254,0.09225002516626889
1597,326,257,0.08576790153229782,323,261,0.0811601309328405,310,254,0.09225002516626889
1600,326,257,0.08576790153229782,323,261,0.0811601309328405,310,254,0.09225002516626889
1603,326,257,0.08576790153229782,323,261,0.0811601309328405,310,254,0.09225002516626889
1606,326,257,0.08576790153229782,323,261,0.0811601309328405,310,254,0.09225002516626889
1609,326,257,0.08576790153229782,323,261,0.0811601309328405,310,254,0.09225002516626889
1612,326,257,0.08576790153229782,323,261,0.0811601309328405,310,254,0.09225002516626889
1615,326,257,0.08576790153229782,323,261,0.0811601309328405,310,254,0.09225002516626889
1618,326,257,0.08576790153229782,323,261,0.0811601309328405,310,254,0.09225002516626889
1621,326,257,0.08576790153229782,323,261,0.0811601309328405,310,254,0.09225002516626889
1624,326,257,0.08576790153229782,323,261,0.0811601309328405,310,254,0.09225002516626889
1627,326,257,0.08576790153229782,323,261,0.0811601309328405,310,254,0.09225002516626889
1630,326,257,0.08576790153229782,323,261,0.0811601309328405,310,254,0.09225002516626889
1633,326,257,0.08576790153229782,323,261,0.0811601309328405,310,254,0.09225002516626889
1636,326,257,0.08576790153229782,323,261,0.0811601309328405,310,254,0.09225002516626889
1639,326,257,0.08576790153229782,323,261,0.0811601309328405,310,254,0.09225002516626889
1642,326,257,0.08576790153229782,323,261,0.0811601309328405,310,254,0.09225002516626889
1645,326,257,0.08576790153229782,323,261,0.0811601309328405,310,254,0.09225002516626889
1648,326,257,0.08576790153229782,323,261,0.0811601309328405,310,254,0.09225002516626889
1651,326,257,0.08576790153229782,323,261,0.0811601309328405,310,254,0.09225002516626889
1654,326,257,0.08576790153229782,323,261,0.0811601309328405,310,254,0.09225002516626889
1657,326,257,0.08576790153229782,323,261,0.0811601309328405,310,254,0.09225002516626889
1660,326,257,0.08576790153229782,323,261,0.0811601309328405,310,254,0.09225002516626889
1663,326,257,0.08576790153229782,323,261,0.0811601309328405,310,254,0.09225002516626889
1666,326,257,0.08576790153229782,323,261,0.0811601309328405,310,254,0.09225002516626889
1669,326,257,0.08576790153229782,323,261,0.0811601309328405,310,254,0.09225002516626889
1672,326,257,0.08576790153229782,323,261,0.0811601309328405,310,254,0.09225002516626889
1675,326,257,0.08576790153229782,323,261,0.0811601309328405,310,254,0.09225002516626889
1678,326,257,0.08576790153229782,323,261,0.0811601309328405,310,254,0.09225002516626889
1681,326,257,0.08576790153229782,323,261,0.0811601309328405,310,254,0.09225002516626889
1684,326,257,0.08576790153229782,323,261,0.0811601309328405,310,254,0.09225002516626889
1687,326,257,0.08576790153229782,323,261,0.0811601309328405,310,254,0.09225002516626889
1690,326,257,0.08576790153229782,323,261,0.0811601309328405,310,254,0.09225002516626889
1693,326,257,0.08576790153229782,323,261,0.0811601309328405,310,254,0.09225002516626889
1696,326,257,0.08576790153229782,323,261,0.0811601309328405,310,254,0.09225002516626889
1699,326,257,0.08576790153229782,323,261,0.0811601309328405,310,254,0.09225002516626889
1702,326,257,0.08576790153229782,323,261,0.0811601309328405,310,254,0.09225002516626889
1705,326,257,0.08576790153229782,323,261,0.0811601309328405,310,254,0.09225002516626889
1708,326,257,0.08576790153229782,323,261,0.0811601309328405,310,254,0.09225002516626889
1711,326,257,0.08576790153229782,323,261,0.0811601309328405,310,254,0.09225002516626889
1714,326,257,0.08576790153229782,323,261,0.0811601309328405,310,254,0.09225002516626889
1717,326,257,0.08576790153229782,323,261,0.0811601309328405,310,254,0.09225002516626889
1720,326,257,0.08576790153229782,323,261,0.0811601309328405,310,254,0.09225002516626889
1723,326,257,0.08576790153229782,323,261,0.0811601309328405,310,254,0.09225002516626889
1726,326,257,0.08576790153229782,323,261,0.0811601309328405,310,254,0.09225002516626889
1729,326,257,0.08576790153229782,323,261,0.0811601309328405,310,254,0.09225002516626889
1732,326,257,0.08576790153229782,323,261,0.0811601309328405,310,254,0.09225002516626889
1735,326,257,0.08576790153229782,323,261,0.0811601309328405,310,254,0.09225002516626889
1738,326,257,0.08576790153229782,323,261,0.0811601309328405,310,254,0.09225002516626889
1741,326,257,0.08576790153229782,323,261,0.0811601309328405,310,254,0.09225002516626889
1744,326,257,0.08576790153229782,323,261,0.0811601309328405,310,254,0.09225002516626889
1747,326,257,0.08576790153229782,323,261,0.0811601309328405,310,254,0.09225002516626889
1750,326,257,0.08576790153229782,323,261,0.0811601309328405,310,254,0.09225002516626889
1753,239,202,0.07952101996027762,219,209,0.08129832400113478,221,203,0.09209243441807247
1756,239,202,0.07952101996027762,219,209,0.08129832400113478,221,203,0.09209243441807247
1759,239,202,0.07952101996027762,219,209,0.08129832400113478,221,203,0.09209243441807247
1762,239,202,0.07952101996027762,219,209,0.08129832400113478,221,203,0.09209243441807247
1765,239,202,0.07952101996027762,219,209,0.08129832400113478,221,203,0.09209243441807247
1768,239,202,0.07952101996027762,219,209,0.08129832400113478,221,203,0.09209243441807247
1771,239,202,0.07952101996027762,219,209,0.08129832400113478,221,203,0.09209243441807247
1774,239,202,0.07952101996027762,219,209,0.08129832400113478,221,203,0.09209243441807247
1777,239,202,0.07952101996027762,219,209,0.08129832400113478,221,203,0.09209243441807247
1780,239,202,0.07952101996027762,219,209,0.08129832400113478,221,203,0.09209243441807247
1783,239,202,0.07952101996027762,219,209,0.08129832400113478,221,203,0.09209243441807247
1786,239,202,0.07952101996027762,219,209,0.08129832400113478,221,203,0.09209243441807247
1789,239,202,0.07952101996027762,219,209,0.08129832400113478,221,203,0.09209243441807247
1792,239,202,0.07952101996027762,219,209,0.08129832400113478,221,203,0.09209243441807247
1795,239,202,0.07952101996027762,219,209,0.08129832400113478,221,203,0.09209243441807247
1798,239,202,0.07952101996027762,219,209,0.08129832400113478,221,203,0.09209243441807247
1801,239,202,0.07952101996027762,219,209,0.08129832400113478,221,203,0.09209243441807247
1804,239,202,0.07952101996027762,219,209,0.08129832400113478,221,203,0.09209243441807247
1807,239,202,0.07952101996027762,219,209,0.08129832400113478,221,203,0.09209243441807247
1810,239,202,0.07952101996027762,219,209,0.08129832400113478,221,203,0.09209243441807247
1813,239,202,0.07952101996027762,219,209,0.08129832400113478,221,203,0.09209243441807247
1816,239,202,0.07952101996027762,219,209,0.08129832400113478,221,203,0.09209243441807247
1819,239,202,0.07952101996027762,219,209,0.08129832400113478,221,203,0.09209243441807247
1822,239,202,0.07952101996027762,219,209,0.08129832400113478,221,203,0.09209243441807247
1825,239,202,0.07952101996027762,219,209,0.08129832400113478,221,203,0.09209243441807247
1828,239,202,0.07952101996027762,219,209,0.08129832400113478,221,203,0.09209243441807247
1831,239,202,0.07952101996027762,219,209,0.08129832400113478,221,203,0.09209243441807247
1834,239,202,0.07952101996027762,219,209,0.08129832400113478,221,203,0.09209243441807247
1837,239,202,0.07952101996027762,219,209,0.08129832400113478,221,203,0.09209243441807247
1840,239,202,0.07952101996027762,219,209,0.08129832400113478,221,203,0.09209243441807247
1843,239,202,0.07952101996027762,219,209,0.08129832400113478,221,203,0.09209243441807247
1846,239,202,0.07952101996027762,219,209,0.08129832400113478,221,203,0.09209243441807247
1849,239,202,0.07952101996027762,219,209,0.08129832400113478,221,203,0.09209243441807247
1852,239,202,0.07952101996027762,219,209,0.08129832400113478,221,203,0.09209243441807247
1855,239,202,0.07952101996027762,219,209,0.08129832400113478,221,203,0.09209243441807247
1858,239,202,0.07952101996027762,219,209,0.08129832400113478,221,203,0.09209243441807247
1861,239,202,0.07952101996027762,219,209,0.08129832400113478,221,203,0.09209243441807247
1864,239,202,0.07952101996027762,219,209,0.08129832400113478,221,203,0.09209243441807247
1867,239,202,0.07952101996027762,219,209,0.08129832400113478,221,203,0.09209243441807247
1870,239,202,0.07952101996027762,219,209,0.08129832400113478,221,203,0.09209243441807247
1873,239,202,0.07952101996027762,219,209,0.08129832400113478,221,203,0.09209243441807247
1876,239,202,0.07952101996027762,219,209,0.08129832400113478,221,203,0.09209243441807247
1879,239,202,0.07952101996027762,219,209,0.08129832400113478,221,203,0.09209243441807247
1882,239,202,0.07952101996027762,219,209,0.08129832400113478,221,203,0.09209243441807247
1885,239,202,0.07952101996027762,219,209,0.08129832400113478,221,203,0.09209243441807247
1888,239,202,0.07952101996027762,219,209,0.08129832400113478,221,203,0.09209243441807247
1891,239,202,0.07952101996027762,219,209,0.08129832400113478,221,203,0.09209243441807247
1894,239,202,0.07952101996027762,219,209,0.08129832400113478,221,203,0.09209243441807247
1897,239,202,0.07952101996027762,219,209,0.08129832400113478,221,203,0.09209243441807247
1900,239,202,0.07952101996027762,219,209,0.08129832400113478,221,203,0.09209243441807247
1903,239,202,0.07952101996027762,219,209,0.08129832400113478,221,203,0.09209243441807247
1906,239,202,0.07952101996027762,219,209,0.08129832400113478,221,203,0.09209243441807247
1909,239,202,0.07952101996027762,219,209,0.08129832400113478,221,203,0.09209243441807247
1912,239,202,0.07952101996027762,219,209,0.08129832400113478,221,203,0.09209243441807247
1915,239,202,0.07952101996027762,219,209,0.08129832400113478,221,203,0.09209243441807247
1918,239,202,0.07952101996027762,219,209,0.08129832400113478,221,203,0.09209243441807247
1921,239,202,0.07952101996027762,219,209,0.08129832400113478,221,203,0.09209243441807247
1924,239,202,0.07952101996027762,219,209,0.08129832400113478,221,203,0.09209243441807247
1927,239,202,0.07952101996027762,219,209,0.08129832400113478,221,203,0.09209243441807247
1930,239,202,0.07952101996027762,219,209,0.08129832400113478,221,203,0.09209243441807247
1933,239,202,0.07952101996027762,219,209,0.08129832400113478,221,203,0.09209243441807247
1936,239,202,0.07952101996027762,219,209,0.08129832400113478,221,203,0.09209243441807247
1939,239,202,0.07952101996027762,219,209,0.08129832400113478,221,203,0.09209243441807247
1942,239,202,0.07952101996027762,219,209,0.08129832400113478,221,203,0.09209243441807247
1945,239,202,0.07952101996027762,219,209,0.08129832400113478,221,203,0.09209243441807247
1948,239,202,0.07952101996027762,219,209,0.08129832400113478,221,203,0.09209243441807247
1951,239,202,0.07952101996027762,219,209,0.08129832400113478,221,203,0.09209243441807247
1954,239,202,0.07952101996027762,219,209,0.08129832400113478,221,203,0.09209243441807247
1957,239,202,0.07952101996027762,219,209,0.08129832400113478,221,203,0.09209243441807247
1960,239,202,0.07952101996027762,219,209,0.08129832400113478,221,203,0.09209243441807247
1963,239,202,0.07952101996027762,219,209,0.08129832400113478,221,203,0.09209243441807247
1966,239,202,0.07952101996027762,219,209,0.08129832400113478,221,203,0.09209243441807247
1969,239,202,0.07952101996027762,219,209,0.08129832400113478,221,203,0.09209243441807247
1972,239,202,0.07952101996027762,219,209,0.08129832400113478,221,203,0.09209243441807247
1975,239,202,0.07952101996027762,219,209,0.08129832400113478,221,203,0.09209243441807247
1978,239,202,0.07952101996027762,219,209,0.08129832400113478,221,203,0.09209243441807247
1981,239,202,0.07952101996027762,219,209,0.08129832400113478,221,203,0.09209243441807247
1984,239,202,0.07952101996027762,219,209,0.08129832400113478,221,203,0.09209243441807247
1987,239,202,0.07952101996027762,219,209,0.08129832400113478,221,203,0.09209243441807247
1990,239,202,0.07952101996027762,219,209,0.08129832400113478,221,203,0.09209243441807247
1993,239,202,0.07952101996027762,219,209,0.08129832400113478,221,203,0.09209243441807247
1996,239,202,0.07952101996027762,219,209,0.08129832400113478,221,203,0.09209243441807247
1999,239,202,0.07952101996027762,219,209,0.08129832400113478,221,203,0.09209243441807247
2002,119,215,0.1017398485654458,128,220,0.114638846905818,115,219,0.09719929673489237
2005,119,215,0.1017398485654458,128,220,0.114638846905818,115,219,0.09719929673489237
2008,119,215,0.1017398485654458,128,220,0.114638846905818,115,219,0.09719929673489237
2011,119,215,0.1017398485654458,128,220,0.114638846905818,115,219,0.09719929673489237
2014,119,215,0.1017398485654458,128,220,0.114638846905818,115,219,0.09719929673489237
2017,119,215,0.1017398485654458,128,220,0.114638846905818,115,219,0.09719929673489237
2020,119,215,0.1017398485654458,128,220,0.114638846905818,115,219,0.09719929673489237
2023,119,215,0.1017398485654458,128,220,0.114638846905818,115,219,0.09719929673489237
2026,119,215,0.1017398485654458,128,220,0.114638846905818,115,219,0.09719929673489237
2029,119,215,0.1017398485654458,128,220,0.114638846905818,115,219,0.09719929673489237
2032,119,215,0.1017398485654458,128,220,0.114638846905818,115,219,0.09719929673489237
2035,119,215,0.1017398485654458,128,220,0.114638846905818,115,219,0.09719929673489237
2038,119,215,0.1017398485654458,128,220,0.114638846905818,115,219,0.09719929673489237
2041,119,215,0.1017398485654458,128,220,0.114638846905818,115,219,0.09719929673489237
2044,119,215,0.1017398485654458,128,220,0.114638846905818,115,219,0.09719929673489237
2047,119,215,0.1017398485654458,128,220,0.114638846905818,115,219,0.09719929673489237
2050,119,215,0.1017398485654458,128,220,0.114638846905818,115,219,0.09719929673489237
2053,119,215,0.1017398485654458,128,220,0.114638846905818,115,219,0.09719929673489237
2056,119,215,0.1017398485654458,128,220,0.114638846905818,115,219,0.09719929673489237
2059,119,215,0.1017398485654458,128,220,0.114638846905818,115,219,0.09719929673489237
2062,119,215,0.1017398485654458,128,220,0.114638846905818,115,219,0.09719929673489237
2065,119,215,0.1017398485654458,128,220,0.114638846905818,115,219,0.09719929673489237
2068,119,215,0.1017398485654458,128,220,0.114638846905818,115,219,0.09719929673489237
2071,119,215,0.1017398485654458,128,220,0.114638846905818,115,219,0.09719929673489237
2074,119,215,0.1017398485654458,128,220,0.114638846905818,115,219,0.09719929673489237
2077,119,215,0.1017398485654458,128,220,0.114638846905818,115,219,0.09719929673489237
2080,119,215,0.1017398485654458,128,220,0.114638846905818,115,219,0.09719929673489237
2083,119,215,0.1017398485654458,128,220,0.114638846905818,115,219,0.09719929673489237
2086,119,215,0.1017398485654458,128,220,0.114638846905818,115,219,0.09719929673489237
2089,119,215,0.1017398485654458,128,220,0.114638846905818,115,219,0.09719929673489237
2092,119,215,0.1017398485654458,128,220,0.114638846905818,115,219,0.09719929673489237
2095,119,215,0.1017398485654458,128,220,0.114638846905818,115,219,0.09719929673489237
2098,119,215,0.1017398485654458,128,220,0.114638846905818,115,219,0.09719929673489237
2101,119,215,0.1017398485654458,128,220,0.114638846905818,115,219,0.09719929673489237
2104,119,215,0.1017398485654458,128,220,0.114638846905818,115,219,0.09719929673489237
2107,119,215,0.1017398485654458,128,220,0.114638846905818,115,219,0.09719929673489237
2110,119,215,0.1017398485654458,128,220,0.114638846905818,115,219,0.09719929673489237
2113,119,215,0.1017398485654458,128,220,0.114638846905818,115,219,0.09719929673489237
2116,119,215,0.1017398485654458,128,220,0.114638846905818,115,219,0.09719929673489237
2119,119,215,0.1017398485654458,128,220,0.114638846905818,115,219,0.09719929673489237
2122,119,215,0.1017398485654458,128,220,0.114638846905818,115,219,0.09719929673489237
2125,119,215,0.1017398485654458,128,220,0.114638846905818,115,219,0.09719929673489237
2128,119,215,0.1017398485654458,128,220,0.114638846905818,115,219,0.09719929673489237
2131,119,215,0.1017398485654458,128,220,0.114638846905818,115,219,0.09719929673489237
2134,119,215,0.1017398485654458,128,220,0.114638846905818,115,219,0.09719929673489237
2137,119,215,0.1017398485654458,128,220,0.114638846905818,115,219,0.09719929673489237
2140,119,215,0.1017398485654458,128,220,0.114638846905818,115,219,0.09719929673489237
2143,119,215,0.1017398485654458,128,220,0.114638846905818,115,219,0.09719929673489237
2146,119,215,0.1017398485654458,128,220,0.114638846905818,115,219,0.09719929673489237
2149,119,215,0.1017398485654458,128,220,0.114638846905818,115,219,0.09719929673489237
2152,119,215,0.1017398485654458,128,220,0.114638846905818,115,219,0.09719929673489237
2155,119,215,0.1017398485654458,128,220,0.114638846905818,115,219,0.09719929673489237
2158,119,215,0.1017398485654458,128,220,0.114638846905818,115,219,0.09719929673489237
2161,119,215,0.1017398485654458,128,220,0.114638846905818,115,219,0.09719929673489237
2164,119,215,0.1017398485654458,128,220,0.114638846905818,115,219,0.09719929673489237
2167,119,215,0.1017398485654458,128,220,0.114638846905818,115,219,0.09719929673489237
2170,119,215,0.1017398485654458,128,220,0.114638846905818,115,219,0.09719929673489237
2173,119,215,0.1017398485654458,128,220,0.114638846905818,115,219,0.09719929673489237
2176,119,215,0.1017398485654458,128,220,0.114638846905818,115,219,0.09719929673489237
2179,119,215,0.1017398485654458,128,220,0.114638846905818,115,219,0.09719929673489237
2182,119,215,0.1017398485654458,128,220,0.114638846905818,115,219,0.09719929673489237
2185,119,215,0.1017398485654458,128,220,0.114638846905818,115,219,0.09719929673489237
2188,119,215,0.1017398485654458,128,220,0.114638846905818,115,219,0.09719929673489237
2191,119,215,0.1017398485654458,128,220,0.114638846905818,115,219,0.09719929673489237
2194,119,215,0.1017398485654458,128,220,0.114638846905818,115,219,0.09719929673489237
2197,119,215,0.1017398485654458,128,220,0.114638846905818,115,219,0.09719929673489237
2200,119,215,0.1017398485654458,128,220,0.114638846905818,115,219,0.09719929673489237
2203,119,215,0.1017398485654458,128,220,0.114638846905818,115,219,0.09719929673489237
2206,119,215,0.1017398485654458,128,220,0.114638846905818,115,219,0.09719929673489237
2209,119,215,0.1017398485654458,128,220,0.114638846905818,115,219,0.09719929673489237
2212,119,215,0.1017398485654458,128,220,0.114638846905818,115,219,0.09719929673489237
2215,119,215,0.1017398485654458,128,220,0.114638846905818,115,219,0.09719929673489237
2218,119,215,0.1017398485654458,128,220,0.114638846905818,115,219,0.09719929673489237
2221,119,215,0.1017398485654458,128,220,0.114638846905818,115,219,0.09719929673489237
2224,119,215,0.1017398485654458,128,220,0.114638846905818,115,219,0.09719929673489237
2227,119,215,0.1017398485654458,128,220,0.114638846905818,115,219,0.09719929673489237
2230,119,215,0.1017398485654458,128,220,0.114638846905818,115,219,0.09719929673489237
2233,119,215,0.1017398485654458,128,220,0.114638846905818,115,219,0.09719929673489237
2236,119,215,0.1017398485654458,128,220,0.114638846905818,115,219,0.09719929673489237
2239,119,215,0.1017398485654458,128,220,0.114638846905818,115,219,0.09719929673489237
2242,119,215,0.1017398485654458,128,220,0.114638846905818,115,219,0.09719929673489237
2245,119,215,0.1017398485654458,128,220,0.114638846905818,115,219,0.09719929673489237
2248,119,215,0.1017398485654458,128,220,0.114638846905818,115,219,0.09719929673489237
2251,119,215,0.1017398485654458,128,220,0.114638846905818,115,219,0.09719929673489237
2254,119,215,0.09995430642057092,128,220,0.1192580561389181,115,219,0.097677576786228
2257,119,215,0.09995430642057092,128,220,0.1192580561389181,115,219,0.097677576786228
2260,119,215,0.09995430642057092,128,220,0.1192580561389181,115,219,0.097677576786228
2263,119,215,0.09995430642057092,128,220,0.1192580561389181,115,219,0.097677576786228
2266,119,215,0.09995430642057092,128,220,0.1192580561389181,115,219,0.097677576786228
2269,119,215,0.09995430642057092,128,220,0.1192580561389181,115,219,0.097677576786228
2272,119,215,0.09995430642057092,128,220,0.1192580561389181,115,219,0.097677576786228
2275,119,215,0.09995430642057092,128,220,0.1192580561389181,115,219,0.097677576786228
2278,119,215,0.09995430642057092,128,220,0.1192580561389181,115,219,0.097677576786228
2281,119,215,0.09995430642057092,128,220,0.1192580561389181,115,219,0.097677576786228
2284,119,215,0.09995430642057092,128,220,0.1192580561389181,115,219,0.097677576786228
2287,119,215,0.09995430642057092,128,220,0.1192580561389181,115,219,0.097677576786228
2290,119,215,0.09995430642057092,128,220,0.1192580561389181,115,219,0.097677576786228
2293,119,215,0.09995430642057092,128,220,0.1192580561389181,115,219,0.097677576786228
2296,119,215,0.09995430642057092,128,220,0.1192580561389181,115,219,0.097677576786228
2299,119,215,0.09995430642057092,128,220,0.1192580561389181,115,219,0.097677576786228
2302,119,215,0.09995430642057092,128,220,0.1192580561389181,115,219,0.097677576786228
2305,119,215,0.09995430642057092,128,220,0.1192580561389181,115,219,0.097677576786228
2308,119,215,0.09995430642057092,128,220,0.1192580561389181,115,219,0.097677576786228
2311,119,215,0.09995430642057092,128,220,0.1192580561389181,115,219,0.097677576786228
2314,119,215,0.09995430642057092,128,220,0.1192580561389181,115,219,0.097677576786228
2317,119,215,0.09995430642057092,128,220,0.1192580561389181,115,219,0.097677576786228
2320,119,215,0.09995430642057092,128,220,0.1192580561389181,115,219,0.097677576786228
2323,119,215,0.09995430642057092,128,220,0.1192580561389181,115,219,0.097677576786228
2326,119,215,0.09995430642057092,128,220,0.1192580561389181,115,219,0.097677576786228
2329,119,215,0.09995430642057092,128,220,0.1192580561389181,115,219,0.097677576786228
2332,119,215,0.09995430642057092,128,220,0.1192580561389181,115,219,0.097677576786228
2335,119,215,0.09995430642057092,128,220,0.1192580561389181,115,219,0.097677576786228
2338,119,215,0.09995430642057092,128,220,0.1192580561389181,115,219,0.097677576786228
2341,119,215,0.09995430642057092,128,220,0.1192580561389181,115,219,0.097677576786228
2344,119,215,0.09995430642057092,128,220,0.1192580561389181,115,219,0.097677576786228
2347,119,215,0.09995430642057092,128,220,0.1192580561389181,115,219,0.097677576786228
2350,119,215,0.09995430642057092,128,220,0.1192580561389181,115,219,0.097677576786228
2353,119,215,0.09995430642057092,128,220,0.1192580561389181,115,219,0.097677576786228
2356,119,215,0.09995430642057092,128,220,0.1192580561389181,115,219,0.097677576786228
2359,119,215,0.09995430642057092,128,220,0.1192580561389181,115,219,0.097677576786228
2362,119,215,0.09995430642057092,128,220,0.1192580561389181,115,219,0.097677576786228
2365,119,215,0.09995430642057092,128,220,0.1192580561389181,115,219,0.097677576786228
2368,119,215,0.09995430642057092,128,220,0.1192580561389181,115,219,0.097677576786228
2371,119,215,0.09995430642057092,128,220,0.1192580561389181,115,219,0.097677576786228
2374,119,215,0.09995430642057092,128,220,0.1192580561389181,115,219,0.097677576786228
2377,119,215,0.09995430642057092,128,220,0.1192580561389181,115,219,0.097677576786228
2380,119,215,0.09995430642057092,128,220,0.1192580561389181,115,219,0.097677576786228
2383,119,215,0.09995430642057092,128,220,0.1192580561389181,115,219,0.097677576786228
2386,119,215,0.09995430642057092,128,220,0.1192580561389181,115,219,0.097677576786228
2389,119,215,0.09995430642057092,128,220,0.1192580561389181,115,219,0.097677576786228
2392,119,215,0.09995430642057092,128,220,0.1192580561389181,115,219,0.097677576786228
2395,119,215,0.09995430642057092,128,220,0.1192580561389181,115,219,0.097677576786228
2398,119,215,0.09995430642057092,128,220,0.1192580561389181,115,219,0.097677576786228
2401,119,215,0.09995430642057092,128,220,0.1192580561389181,115,219,0.097677576786228
2404,119,215,0.09995430642057092,128,220,0.1192580561389181,115,219,0.097677576786228
2407,119,215,0.09995430642057092,128,220,0.1192580561389181,115,219,0.097677576786228
2410,119,215,0.09995430642057092,128,220,0.1192580561389181,115,219,0.097677576786228
2413,119,215,0.09995430642057092,128,220,0.1192580561389181,115,219,0.097677576786228
2416,119,215,0.09995430642057092,128,220,0.1192580561389181,115,219,0.097677576786228
2419,119,215,0.09995430642057092,128,220,0.1192580561389181,115,219,0.097677576786228
2422,119,215,0.09995430642057092,128,220,0.1192580561389181,115,219,0.097677576786228
2425,119,215,0.09995430642057092,128,220,0.1192580561389181,115,219,0.097677576786228
2428,119,215,0.09995430642057092,128,220,0.1192580561389181,115,219,0.097677576786228
2431,119,215,0.09995430642057092,128,220,0.1192580561389181,115,219,0.097677576786228
2434,119,215,0.09995430642057092,128,220,0.1192580561389181,115,219,0.097677576786228
2437,119,215,0.09995430642057092,128,220,0.1192580561389181,115,219,0.097677576786228
2440,119,215,0.09995430642057092,128,220,0.1192580561389181,115,219,0.097677576786228
2443,119,215,0.09995430642057092,128,220,0.1192580561389181,115,219,0.097677576786228
2446,119,215,0.09995430642057092,128,220,0.1192580561389181,115,219,0.097677576786228
2449,119,215,0.09995430642057092,128,220,0.1192580561389181,115,219,0.097677576786228
2452,119,215,0.09995430642057092,128,220,0.1192580561389181,115,219,0.097677576786228
2455,119,215,0.09995430642057092,128,220,0.1192580561389181,115,219,0.097677576786228
2458,119,215,0.09995430642057092,128,220,0.1192580561389181,115,219,0.097677576786228
2461,119,215,0.09995430642057092,128,220,0.1192580561389181,115,219,0.097677576786228
2464,119,215,0.09995430642057092,128,220,0.1192580561389181,115,219,0.097677576786228
2467,119,215,0.09995430642057092,128,220,0.1192580561389181,115,219,0.097677576786228
2470,119,215,0.09995430642057092,128,220,0.1192580561389181,115,219,0.097677576786228
2473,119,215,0.09995430642057092,128,220,0.1192580561389181,115,219,0.097677576786228
2476,119,215,0.09995430642057092,128,220,0.1192580561389181,115,219,0.097677576786228
2479,119,215,0.09995430642057092,128,220,0.1192580561389181,115,219,0.097677576786228
2482,119,215,0.09995430642057092,128,220,0.1192580561389181,115,219,0.097677576786228
2485,119,215,0.09995430642057092,128,220,0.1192580561389181,115,219,0.097677576786228
2488,119,215,0.09995430642057092,128,220,0.1192580561389181,115,219,0.097677576786228
2491,119,215,0.09995430642057092,128,220,0.1192580561389181,115,219,0.097677576786228
2494,119,215,0.09995430642057092,128,220,0.1192580561389181,115,219,0.097677576786228
2497,119,215,0.09995430642057092,128,220,0.1192580561389181,115,219,0.097677576786228
2500,119,215,0.09995430642057092,128,220,0.1192580561389181,115,219,0.097677576786228
2503,348,146,0.05332001103458327,1,148,0.0482410371136317,340,152,0.06069788292817589
2506,348,146,0.05332001103458327,1,148,0.0482410371136317,340,152,0.06069788292817589
2509,348,146,0.05332001103458327,1,148,0.0482410371136317,340,152,0.06069788292817589
2512,348,146,0.05332001103458327,1,148,0.0482410371136317,340,152,0.06069788292817589
2515,348,146,0.05332001103458327,1,148,0.0482410371136317,340,152,0.06069788292817589
2518,348,146,0.05332001103458327,1,148,0.0482410371136317,340,152,0.06069788292817589
2521,348,146,0.05332001103458327,1,148,0.0482410371136317,340,152,0.06069788292817589
2524,348,146,0.05332001103458327,1,148,0.0482410371136317,340,152,0.06069788292817589
2527,348,146,0.05332001103458327,1,148,0.0482410371136317,340,152,0.06069788292817589
2530,348,146,0.05332001103458327,1,148,0.0482410371136317,340,152,0.06069788292817589
2533,348,146,0.05332001103458327,1,148,0.0482410371136317,340,152,0.06069788292817589
2536,348,146,0.05332001103458327,1,148,0.0482410371136317,340,152,0.06069788292817589
2539,348,146,0.05332001103458327,1,148,0.0482410371136317,340,152,0.06069788292817589
2542,348,146,0.05332001103458327,1,148,0.0482410371136317,340,152,0.06069788292817589
2545,348,146,0.05332001103458327,1,148,0.0482410371136317,340,152,0.06069788292817589
2548,348,146,0.05332001103458327,1,148,0.0482410371136317,340,152,0.06069788292817589
2551,348,146,0.05332001103458327,1,148,0.0482410371136317,340,152,0.06069788292817589
2554,348,146,0.05332001103458327,1,148,0.0482410371136317,340,152,0.06069788292817589
2557,348,146,0.05332001103458327,1,148,0.0482410371136317,340,152,0.06069788292817589
2560,348,146,0.05332001103458327,1,148,0.0482410371136317,340,152,0.06069788292817589
2563,348,146,0.05332001103458327,1,148,0.0482410371136317,340,152,0.06069788292817589
2566,348,146,0.05332001103458327,1,148,0.0482410371136317,340,152,0.06069788292817589
2569,348,146,0.05332001103458327,1,148,0.0482410371136317,340,152,0.06069788292817589
2572,348,146,0.05332001103458327,1,148,0.0482410371136317,340,152,0.06069788292817589
2575,348,146,0.05332001103458327,1,148,0.0482410371136317,340,152,0.06069788292817589
2578,348,146,0.05332001103458327,1,148,0.0482410371136317,340,152,0.06069788292817589
2581,348,146,0.05332001103458327,1,148,0.0482410371136317,340,152,0.06069788292817589
2584,348,146,0.05332001103458327,1,148,0.0482410371136317,340,152,0.06069788292817589
2587,348,146,0.05332001103458327,1,148,0.0482410371136317,340,152,0.06069788292817589
2590,348,146,0.05332001103458327,1,148,0.0482410371136317,340,152,0.06069788292817589
2593,348,146,0.05332001103458327,1,148,0.0482410371136317,340,152,0.06069788292817589
2596,348,146,0.05332001103458327,1,148,0.0482410371136317,340,152,0.06069788292817589
2599,348,146,0.05332001103458327,1,148,0.0482410371136317,340,152,0.06069788292817589
2602,348,146,0.05332001103458327,1,148,0.0482410371136317,340,152,0.06069788292817589
2605,348,146,0.05332001103458327,1,148,0.0482410371136317,340,152,0.06069788292817589
2608,348,146,0.05332001103458327,1,148,0.0482410371136317,340,152,0.06069788292817589
2611,348,146,0.05332001103458327,1,148,0.0482410371136317,340,152,0.06069788292817589
2614,348,146,0.05332001103458327,1,148,0.0482410371136317,340,152,0.06069788292817589
2617,348,146,0.05332001103458327,1,148,0.0482410371136317,340,152,0.06069788292817589
2620,348,146,0.05332001103458327,1,148,0.0482410371136317,340,152,0.06069788292817589
2623,348,146,0.05332001103458327,1,148,0.0482410371136317,340,152,0.06069788292817589
2626,348,146,0.05332001103458327,1,148,0.0482410371136317,340,152,0.06069788292817589
2629,348,146,0.05332001103458327,1,148,0.0482410371136317,340,152,0.06069788292817589
2632,348,146,0.05332001103458327,1,148,0.0482410371136317,340,152,0.06069788292817589
2635,348,146,0.05332001103458327,1,148,0.0482410371136317,340,152,0.06069788292817589
2638,348,146,0.05332001103458327,1,148,0.0482410371136317,340,152,0.06069788292817589
2641,348,146,0.05332001103458327,1,148,0.0482410371136317,340,152,0.06069788292817589
2644,348,146,0.05332001103458327,1,148,0.0482410371136317,340,152,0.06069788292817589
2647,348,146,0.05332001103458327,1,148,0.0482410371136317,340,152,0.06069788292817589
2650,348,146,0.05332001103458327,1,148,0.0482410371136317,340,152,0.06069788292817589
2653,348,146,0.05332001103458327,1,148,0.0482410371136317,340,152,0.06069788292817589
2656,348,146,0.05332001103458327,1,148,0.0482410371136317,340,152,0.06069788292817589
2659,348,146,0.05332001103458327,1,148,0.0482410371136317,340,152,0.06069788292817589
2662,348,146,0.05332001103458327,1,148,0.0482410371136317,340,152,0.06069788292817589
2665,348,146,0.05332001103458327,1,148,0.0482410371136317,340,152,0.06069788292817589
2668,348,146,0.05332001103458327,1,148,0.0482410371136317,340,152,0.06069788292817589
2671,348,146,0.05332001103458327,1,148,0.0482410371136317,340,152,0.06069788292817589
2674,348,146,0.05332001103458327,1,148,0.0482410371136317,340,152,0.06069788292817589
2677,348,146,0.05332001103458327,1,148,0.0482410371136317,340,152,0.06069788292817589
2680,348,146,0.05332001103458327,1,148,0.0482410371136317,340,152,0.06069788292817589
2683,348,146,0.05332001103458327,1,148,0.0482410371136317,340,152,0.06069788292817589
2686,348,146,0.05332001103458327,1,148,0.0482410371136317,340,152,0.06069788292817589
0,0,0,0,0,0,0,0,0,0
0,0,0,0,0,0,0,0,0,0
0,0,0,0,0,0,0,0,0,0
0,0,0,0,0,0,0,0,0,0
0,0,0,0,0,0,0,0,0,0
0,0,0,0,0,0,0,0,0,0
0,0,0,0,0,0,0,0,0,0
0,0,0,0,0,0,0,0,0,0
0,0,0,0,0,0,0,0,0,0
0,0,0,0,0,0,0,0,0,0
0,0,0,0,0,0,0,0,0,0
0,0,0,0,0,0,0,0,0,0
0,0,0,0,0,0,0,0,0,0
0,0,0,0,0,0,0,0,0,0
0,0,0,0,0,0,0,0,0,0
0,0,0,0,0,0,0,0,0,0
0,0,0,0,0,0,0,0,0,0
0,0,0,0,0,0,0,0,0,0
0,0,0,0,0,0,0,0,0,0
0,0,0,0,0,0,0,0,0,0
0,0,0,0,0,0,0,0,0,0
0,0,0,0,0,0,0,0,0,0
0,0,0,0,0,0,0,0,0,0
0,0,0,0,0,0,0,0,0,0
0,0,0,0,0,0,0,0,0,0
0,0,0,0,0,0,0,0,0,0
0,0,0,0,0,0,0,0,0,0
0,0,0,0,0,0,0,0,0,0
0,0,0,0,0,0,0,0,0,0
0,0,0,0,0,0,0,0,0,0
0,0,0,0,0,0,0,0,0,0
0,0,0,0,0,0,0,0,0,0
0,0,0,0,0,0,0,0,0,0
0,0,0,0,0,0,0,0,0,0
0,0,0,0,0,0,0,0,0,0
0,0,0,0,0,0,0,0,0,0
0,0,0,0,0,0,0,0,0,0
0,0,0,0,0,0,0,0,0,0
0,0,0,0,0,0,0,0,0,0
0,0,0,0,0,0,0,0,0,0
0,0,0,0,0,0,0,0,0,0
0,0,0,0,0,0,0,0,0,0
0,0,0,0,0,0,0,0,0,0
0,0,0,0,0,0,0,0,0,0
0,0,0,0,0,0,0,0,0,0
0,0,0,0,0,0,0,0,0,0
0,0,0,0,0,0,0,0,0,0
0,0,0,0,0,0,0,0,0,0
0,0,0,0,0,0,0,0,0,0
0,0,0,0,0,0,0,0,0,0
0,0,0,0,0,0,0,0,0,0
0,0,0,0,0,0,0,0,0,0
0,0,0,0,0,0,0,0,0,0
0,0,0,0,0,0,0,0,0,0
0,0,0,0,0,0,0,0,0,0
0,0,0,0,0,0,0,0,0,0
0,0,0,0,0,0,0,0,0,0
0,0,0,0,0,0,0,0,0,0
0,0,0,0,0,0,0,0,0,0
0,0,0,0,0,0,0,0,0,0
0,0,0,0,0,0,0,0,0,0
0,0,0,0,0,0,0,0,0,0
0,0,0,0,0,0,0,0,0,0
0,0,0,0,0,0,0,0,0,0
0,0,0,0,0,0,0,0,0,0
0,0,0,0,0,0,0,0,0,0
0,0,0,0,0,0,0,0,0,0
0,0,0,0,0,0,0,0,0,0
0,0,0,0,0,0,0,0,0,0
0,0,0,0,0,0,0,0,0,0
0,0,0,0,0,0,0,0,0,0
0,0,0,0,0,0,0,0,0,0
0,0,0,0,0,0,0,0,0,0
0,0,0,0,0,0,0,0,0,0
0,0,0,0,0,0,0,0,0,0
0,0,0,0,0,0,0,0,0,0
0,0,0,0,0,0,0,0,0,0
0,0,0,0,0,0,0,0,0,0
0,0,0,0,0,0,0,0,0,0
0,0,0,0,0,0,0,0,0,0
0,0,0,0,0,0,0,0,0,0
0,0,0,0,0,0,0,0,0,0
0,0,0,0,0,0,0,0,0,0
0,0,0,0,0,0,0,0,0,0
